id,category,username,token
1,Seller,mac,51d4ad144563a6e5d4315c17cbbd0a4f7a4c71b9
2,Seller,kfc,2838676934661eae3090c29234414bbcd1894cb5
3,Customer,alyssaweekley,79f1f4cb5e7192b74e0c616bf43f743ea7a68738
4,Customer,willowlidington,78537a6e8e3ac768f8a2920d5d96bc08330051bf
5,Customer,bernadettedouthwaite,10329b877367e0a1c81a90fc4fda8257848bd923
6,Customer,katerinaklimp,7bde80e446b8edbf07756e3a8806027654148d42
7,Customer,esterrobbel,f8ad352df4999122998f4c7ef96e9a64b1f8ce6a
8,Customer,kimbellvalentin,98bf7f4da240cfaa977f205fff4b26f24e77c8b4
9,Customer,evelynbowen,c97444c442c50aebe3cc6912ff8994065c54803f
10,Customer,davedukelow,de745b52eea87cec5c0acdb3cfe2aca0ff4dc2a0
11,Customer,rogeraronstein,54fb9e91ed21bb59224fbbf205b6a7ad1cda3435
12,Customer,joanahaile,449ddece22bf84d8a321f086b1667d38940853a0
13,Customer,lavinad'arcy,f17a15feab0226c46976268b30ef74e952bed36b
14,Customer,nadeanarton,0d2664622489980479ec78b1532fc9ebe50abe47
15,Customer,elliedorant,03ae98143c93e59a92782b6453c1b261d1cd5b9c
16,Customer,cullandaintree,c79cbd127bb9c196247f2637f90b39208ba3afda
17,Customer,clementinabendelow,5d1454b88a30dac35425a47a5b128b5d76cfbf6a
18,Customer,milliemattocks,457a7517797bcfa38b6f25c115cb7ee83cd81319
19,Customer,doroteyafeatherstone,a5a9b42459772f79c677019927d57d283957b744
20,Customer,ealasaidmityushkin,91fd362f9eff566b38095a1cc30a881e59efba65
21,Customer,brynaibarra,a860d45810a95df9106fe2f66f5bf05cfd09ea0f
22,Customer,clarettedunbar,d7797c07cff98a1da766439f5359b4121ea3a52e
23,Customer,myrvynferrand,775718cab55edebab9f55efe5ae29b4b1964658d
24,Customer,mattihanbury,aa1b697029cfc8f1ec60039abe24b65f48b45abd
25,Customer,tailorpetegree,af7bb7b5e2e4ae0c54a73db9a9e1c2333b22abdf
26,Customer,lynnettfleming,c1d8e7e54c4f2e0efc646000537a960b61857919
27,Customer,alejoaroust,9f8065ccdca90873400fc0873a192b7c1a53f7ef
28,Customer,carilkitchener,206f229d358193b6cf9d968e70364380b754ca70
29,Customer,vernaswigg,4963dbc36b7829fd263ae7fd328ed2d881f03287
30,Customer,bartletlauks,d1987e44ccef7c360abb6382e3a6a39bc4cf8cf2
31,Customer,kaiahendrickson,0eac16c0c07d95a8a102629987ae18a6e3f88660
32,Customer,sharronfairnington,eae5538a9c04ccd8a5aaee7824ebe5159219cdfe
33,Customer,ruggierogirhard,142819956df7f81182d42c518ac53c49f8a89167
34,Customer,kallestieger,578954a02a4edb596d791f62006cec617038b00e
35,Customer,shalneclows,eca63279f831dc2e7d054bb43b023c7c3e933f2f
36,Customer,kristoforkorbmaker,dc999b8aeed8ad5c11c0d11301850ddd18615950
37,Customer,valsprake,8386e92935a448a588e5eaa3881225c6080afce7
38,Customer,aldusgreengrass,e39d7454f1bec3b2b53ab339bcbb2406d451f2c8
39,Customer,peadarlace,c406676054f2f0ab45fd4888e240033bdd52cfef
40,Customer,johannahbreckwell,59cdbdd13a03cebeadcdc427f7fa5f5f1add898c
41,Customer,miquelabosworth,5512c8ca420d87e0de324217b9075654a4198ec9
42,Customer,mickiewheway,d5654bdc9463bf28e7c25b036e891ec00c88f01e
43,Customer,mablekynson,7318abde331296f301f765bcab6eab2ee4af4520
44,Customer,avelineswanborough,bbcc3cdd50da5e4ec40c7ad22f14a67ba445d29f
45,Customer,manohradsky,41210e248a1332d64ea4e8a11c358aca6004f7b4
46,Customer,gisellaaimer,e44753d17d35623b5d0410ec0cd946f80a6d317e
47,Customer,lauriemccrea,7af9e0f9d3c0a1eb25942e46975a80396c15830d
48,Customer,benedictagaudin,eaa33dff47f98b14d26b77b30e03dca02e34bb1f
49,Customer,rozannadeetch,7e3b84c2871f8da4c6b66459e8ac499bb0b3f38a
50,Customer,eduardoondrusek,b66c7859a208505144362c157e7fbdb9e8623386
51,Customer,corabellacurbishley,8e4984b203a84db2d8238e088a7c25cb2c80cc5b
52,Customer,ollylofts,af54d4f4776dcb71004f13292b86decac59d544e
53,Customer,eloisalambotin,b2d8ddfdf85649f578811cb61ae54bcaf6a7cfe1
54,Customer,marcyamdohr,8e9db7b1d60a0a2106e37bf21b7245933055b797
55,Customer,salemscogin,cc39293ae666405fd0a51ef6bd262f361217217d
56,Customer,luciliatiltman,e4eda114dac48c18c3b62c09861d9f9710d887e6
57,Customer,yullavigne,717e1e5bc429af6999771ad15e99025b39a98590
58,Customer,lillaheffer,aa7bc25948b7a0cf279fce4772ec64b7cb2201d2
59,Customer,farbreeder,b50d52695503173cd7911a8b32ff55e620a8c2c2
60,Customer,ardytheverington,8fa35c418e8fb46e3070df5c996f65c67b6badb2
61,Customer,tedmundchung,d1330e863cdc263a31abc10a08d15ca3bfd4c071
62,Customer,hewetmakin,f6254f73b312f879847b7cd9ed1e6587b1a28e64
63,Customer,vitejada,390774d6b7e3e8b7e0a91fd728f501476f2f71cf
64,Customer,bobbiecrannach,5b4930be45ca59f04d586961e603bebea2c1a165
65,Customer,gracevannozzii,eb5b72f1cc9c6c3b86f35fb1e6c39e907f35417c
66,Customer,yoshikohafner,5470d2a494427844a611177d834d66b004460f3d
67,Customer,donnamariebanane,1bbca2b3d6c81d06cc00ed338f344961744ee18c
68,Customer,eddvan rembrandt,ffedce97bb155c96bfbe25baf7dde9bd4ddcc88c
69,Customer,bartolemoaberchirder,5a39ac72d4726e746a5a3fc0ad60fd3fe173bbc0
70,Customer,marilinmaccourt,6b535595c32947a3ad85fca9e93a88ceba2ce35e
71,Customer,northghidoni,78e41cfdab215177d5d7dad71d9539e7e7763778
72,Customer,cliffbeames,30f8086c3580d20931eebe74133773b621c545a4
73,Customer,merylkellett,1f2a40d1ed0a0629fa2e1399913a9cb3742a04f2
74,Customer,cariasteffan,ed8ff36f1ca9d85f20f4d0dc89cd66c46a9faaa6
75,Customer,bondykingswold,82d8d944e4c7a0afee61adc4999857febd7911c0
76,Customer,unaschleicher,56327b81bc2faec983ff1560881225829b25506e
77,Customer,joachimdumbell,573a8e52380f2dc6f7255af43450c24f69a6d5bb
78,Customer,sibbymilmo,74ed69d768b61fa6ca22e9f00feae347520baffe
79,Customer,desmondcastle,8e6de0322a684d4fdc66d2193ed4b01e03ae0abd
80,Customer,welshhelbeck,4400fbee2fcfdb6bf030e920099e188e321d0028
81,Customer,norrisshires,677fb260fe5d48a81df44293408a9cd30a2c3c2b
82,Customer,vivyancolkett,8b8c724b8a7bc4c8ec618dbd1ad4127924b59bf5
83,Customer,arlygrasner,d1995c115114a510176787ad03d2717f9f8c7656
84,Customer,colletepetrina,cf2709cd02f3f213f3bffc2c118ebcc5160686b6
85,Customer,booteich,9fb95ffa9bc2cfa58b952822722e619efacc4ee9
86,Customer,blairricciardo,2bf2a3bb90ea12f77a14208dee9c38044a714875
87,Customer,roxiecockerill,fb6c2b4301f2192c4fe3df4131232bc5616c5148
88,Customer,rourkevannet,c3e8eaa26e471162ca07a9255df3f8278ec0905a
89,Customer,corrymcnirlan,4981344a0860a7f33ad597157ab25951ad1d5e5d
90,Customer,alanatwyning,28b47b9222ada6c394297c04ca4032bc6f77fc9e
91,Customer,luellaredhills,5287de4322c298354b265f2936552457acc4ed41
92,Customer,pattiephant,060316518fad4ef0779b7be95fb81a3f73774124
93,Customer,elkeballister,507a06286563975f3b7b5695b45abfac12711ca9
94,Customer,westleytomasik,e6ff477a70bf7a0f756928f8e3d212fe26c1d7a8
95,Customer,humphreysherrocks,cc81a2195e2d4789f30e44b3a7683734e5144966
96,Customer,munmrojex,550f9ce37a3f2cedd0b71b9a1ba1a8873dc85f02
97,Customer,jacquiespringall,69e5bd9ddacefce88116a08ce2d7e568d3899079
98,Customer,giorgineedham,c3305777c59d881c5c61f4016483b059a2dba136
99,Customer,cchaddiemathou,9031bac6f08dc5a42d03f73d0bc3e4dc2cafa012
100,Customer,valentiasharples,501862125479f90dfb73a18be406c3751e897d89
101,Customer,joeybamborough,d6d9409e13f272dc4d5ab5f5f1d4211ea3b14186
102,Customer,fordlethebridge,97a9356b9c3d11c44c768894a4f16df58a082253
103,Pilot,sigvardsterry,37fe686454641d36d330df154192bbea341089fe
104,Pilot,granthampyrke,a3a6f501a1b4ecf10ebeaeb4195db323d600d776
105,Pilot,arleynanninini,cb859e46d829d901c184a3e3136ed058a120fcce
106,Pilot,mathebreewood,2795673c56fecfeec04f2d2c352d278ffdf294b2
107,Pilot,grantleycampione,511dbd9d01ca1b156660cb6819034eb6bc8bfe46
108,Pilot,jermaynegouly,8ce133bd2db22537acf5ea2b5631a4aab34db5b2
109,Pilot,billysevior,4af258175a0b43d187d16eba2e8ad52c74b9c8d9
110,Pilot,burlrawls,702b78548646a727a71ee814e0e9203c625c60db
111,Pilot,merrilywalkinshaw,61b7aa1b9e1323b841a0169bc2f7c864aaf123c8
112,Pilot,leonsandifer,cc28ccbf5ae571e59f9f6c0062018a51dc851dd3
